precision,recall,f1-score,support,Model
0.95,0.95,0.95,20.0,SVM (RBF)
1.0,1.0,1.0,20.0,SVM (RBF)
0.9047619047619048,0.95,0.926829268292683,20.0,SVM (RBF)
0.9473684210526315,0.9,0.9230769230769231,20.0,SVM (RBF)
0.9444444444444444,0.85,0.8947368421052632,20.0,SVM (RBF)
1.0,1.0,1.0,20.0,SVM (RBF)
0.7307692307692307,0.95,0.8260869565217391,20.0,SVM (RBF)
1.0,1.0,1.0,20.0,SVM (RBF)
1.0,1.0,1.0,20.0,SVM (RBF)
1.0,1.0,1.0,20.0,SVM (RBF)
1.0,1.0,1.0,20.0,SVM (RBF)
1.0,1.0,1.0,20.0,SVM (RBF)
1.0,0.95,0.9743589743589743,20.0,SVM (RBF)
1.0,0.95,0.9743589743589743,20.0,SVM (RBF)
0.8947368421052632,0.85,0.8717948717948718,20.0,SVM (RBF)
0.9473684210526315,0.9,0.9230769230769231,20.0,SVM (RBF)
1.0,1.0,1.0,20.0,SVM (RBF)
1.0,1.0,1.0,20.0,SVM (RBF)
1.0,0.95,0.9743589743589743,20.0,SVM (RBF)
0.9090909090909091,1.0,0.9523809523809523,20.0,SVM (RBF)
1.0,1.0,1.0,20.0,SVM (RBF)
1.0,1.0,1.0,20.0,SVM (RBF)
1.0,1.0,1.0,20.0,SVM (RBF)
0.9090909090909091,1.0,0.9523809523809523,20.0,SVM (RBF)
0.9523809523809523,1.0,0.975609756097561,20.0,SVM (RBF)
1.0,1.0,1.0,20.0,SVM (RBF)
1.0,1.0,1.0,20.0,SVM (RBF)
1.0,1.0,1.0,20.0,SVM (RBF)
0.9523809523809523,1.0,0.975609756097561,20.0,SVM (RBF)
1.0,0.95,0.9743589743589743,20.0,SVM (RBF)
0.8421052631578947,0.8,0.8205128205128205,20.0,SVM (RBF)
1.0,1.0,1.0,20.0,SVM (RBF)
1.0,1.0,1.0,20.0,SVM (RBF)
1.0,1.0,1.0,20.0,SVM (RBF)
1.0,1.0,1.0,20.0,SVM (RBF)
1.0,1.0,1.0,20.0,SVM (RBF)
1.0,0.9,0.9473684210526315,20.0,SVM (RBF)
1.0,1.0,1.0,20.0,SVM (RBF)
1.0,1.0,1.0,20.0,SVM (RBF)
0.9090909090909091,1.0,0.9523809523809523,20.0,SVM (RBF)
1.0,1.0,1.0,20.0,SVM (RBF)
1.0,1.0,1.0,20.0,SVM (RBF)
0.9523809523809523,1.0,0.975609756097561,20.0,SVM (RBF)
1.0,1.0,1.0,20.0,SVM (RBF)
1.0,1.0,1.0,20.0,SVM (RBF)
1.0,1.0,1.0,20.0,SVM (RBF)
1.0,1.0,1.0,20.0,SVM (RBF)
0.9473684210526315,0.9,0.9230769230769231,20.0,SVM (RBF)
1.0,1.0,1.0,20.0,SVM (RBF)
0.8947368421052632,0.85,0.8717948717948718,20.0,SVM (RBF)
0.9047619047619048,0.95,0.926829268292683,20.0,SVM (RBF)
1.0,0.8,0.8888888888888888,20.0,SVM (RBF)
0.9523809523809523,1.0,0.975609756097561,20.0,SVM (RBF)
0.9523809523809523,1.0,0.975609756097561,20.0,SVM (RBF)
1.0,1.0,1.0,20.0,SVM (RBF)
0.95,0.95,0.95,20.0,SVM (RBF)
1.0,0.95,0.9743589743589743,20.0,SVM (RBF)
1.0,1.0,1.0,20.0,SVM (RBF)
1.0,1.0,1.0,20.0,SVM (RBF)
1.0,1.0,1.0,20.0,SVM (RBF)
0.9708333333333333,0.9708333333333333,0.9708333333333333,0.9708333333333333,SVM (RBF)
0.9724599864073549,0.9708333333333334,0.9708509914652126,1200.0,SVM (RBF)
0.9724599864073548,0.9708333333333333,0.9708509914652126,1200.0,SVM (RBF)
0.85,0.85,0.85,20.0,KNN
1.0,1.0,1.0,20.0,KNN
0.7692307692307693,1.0,0.8695652173913043,20.0,KNN
1.0,0.75,0.8571428571428571,20.0,KNN
0.95,0.95,0.95,20.0,KNN
0.8888888888888888,0.8,0.8421052631578947,20.0,KNN
0.9,0.9,0.9,20.0,KNN
1.0,0.95,0.9743589743589743,20.0,KNN
0.9523809523809523,1.0,0.975609756097561,20.0,KNN
1.0,1.0,1.0,20.0,KNN
1.0,1.0,1.0,20.0,KNN
0.7916666666666666,0.95,0.8636363636363636,20.0,KNN
0.8181818181818182,0.9,0.8571428571428571,20.0,KNN
0.95,0.95,0.95,20.0,KNN
0.9,0.9,0.9,20.0,KNN
1.0,0.8,0.8888888888888888,20.0,KNN
1.0,0.95,0.9743589743589743,20.0,KNN
1.0,1.0,1.0,20.0,KNN
1.0,1.0,1.0,20.0,KNN
0.9523809523809523,1.0,0.975609756097561,20.0,KNN
1.0,1.0,1.0,20.0,KNN
1.0,0.95,0.9743589743589743,20.0,KNN
0.9523809523809523,1.0,0.975609756097561,20.0,KNN
0.85,0.85,0.85,20.0,KNN
0.9090909090909091,1.0,0.9523809523809523,20.0,KNN
0.9523809523809523,1.0,0.975609756097561,20.0,KNN
0.9523809523809523,1.0,0.975609756097561,20.0,KNN
0.9523809523809523,1.0,0.975609756097561,20.0,KNN
0.9523809523809523,1.0,0.975609756097561,20.0,KNN
0.9375,0.75,0.8333333333333334,20.0,KNN
0.7727272727272727,0.85,0.8095238095238095,20.0,KNN
1.0,1.0,1.0,20.0,KNN
1.0,1.0,1.0,20.0,KNN
1.0,1.0,1.0,20.0,KNN
1.0,1.0,1.0,20.0,KNN
0.9047619047619048,0.95,0.926829268292683,20.0,KNN
1.0,0.95,0.9743589743589743,20.0,KNN
1.0,1.0,1.0,20.0,KNN
1.0,0.95,0.9743589743589743,20.0,KNN
0.9523809523809523,1.0,0.975609756097561,20.0,KNN
1.0,1.0,1.0,20.0,KNN
0.9473684210526315,0.9,0.9230769230769231,20.0,KNN
0.8,1.0,0.8888888888888888,20.0,KNN
1.0,1.0,1.0,20.0,KNN
0.9523809523809523,1.0,0.975609756097561,20.0,KNN
1.0,1.0,1.0,20.0,KNN
1.0,1.0,1.0,20.0,KNN
0.8421052631578947,0.8,0.8205128205128205,20.0,KNN
0.9090909090909091,1.0,0.9523809523809523,20.0,KNN
0.9166666666666666,0.55,0.6875,20.0,KNN
0.6111111111111112,0.55,0.5789473684210527,20.0,KNN
0.85,0.85,0.85,20.0,KNN
1.0,1.0,1.0,20.0,KNN
1.0,1.0,1.0,20.0,KNN
1.0,1.0,1.0,20.0,KNN
0.95,0.95,0.95,20.0,KNN
1.0,0.95,0.9743589743589743,20.0,KNN
1.0,1.0,1.0,20.0,KNN
0.9444444444444444,0.85,0.8947368421052632,20.0,KNN
0.8636363636363636,0.95,0.9047619047619048,20.0,KNN
0.9375,0.9375,0.9375,0.9375,KNN
0.939964999668947,0.9375000000000001,0.9362999360345107,1200.0,KNN
0.939964999668947,0.9375,0.9362999360345108,1200.0,KNN
0.782608695652174,0.9,0.8372093023255814,20.0,PNN + PCA
1.0,1.0,1.0,20.0,PNN + PCA
0.8333333333333334,1.0,0.9090909090909091,20.0,PNN + PCA
1.0,0.85,0.918918918918919,20.0,PNN + PCA
1.0,0.95,0.9743589743589743,20.0,PNN + PCA
0.8888888888888888,0.8,0.8421052631578947,20.0,PNN + PCA
0.8636363636363636,0.95,0.9047619047619048,20.0,PNN + PCA
1.0,1.0,1.0,20.0,PNN + PCA
0.9523809523809523,1.0,0.975609756097561,20.0,PNN + PCA
0.9523809523809523,1.0,0.975609756097561,20.0,PNN + PCA
1.0,1.0,1.0,20.0,PNN + PCA
0.9047619047619048,0.95,0.926829268292683,20.0,PNN + PCA
0.8636363636363636,0.95,0.9047619047619048,20.0,PNN + PCA
0.95,0.95,0.95,20.0,PNN + PCA
0.9,0.9,0.9,20.0,PNN + PCA
0.9444444444444444,0.85,0.8947368421052632,20.0,PNN + PCA
1.0,0.95,0.9743589743589743,20.0,PNN + PCA
1.0,1.0,1.0,20.0,PNN + PCA
1.0,1.0,1.0,20.0,PNN + PCA
0.9523809523809523,1.0,0.975609756097561,20.0,PNN + PCA
1.0,1.0,1.0,20.0,PNN + PCA
1.0,1.0,1.0,20.0,PNN + PCA
0.9523809523809523,1.0,0.975609756097561,20.0,PNN + PCA
0.9444444444444444,0.85,0.8947368421052632,20.0,PNN + PCA
0.9090909090909091,1.0,0.9523809523809523,20.0,PNN + PCA
1.0,1.0,1.0,20.0,PNN + PCA
0.9090909090909091,1.0,0.9523809523809523,20.0,PNN + PCA
1.0,1.0,1.0,20.0,PNN + PCA
0.9523809523809523,1.0,0.975609756097561,20.0,PNN + PCA
0.8947368421052632,0.85,0.8717948717948718,20.0,PNN + PCA
0.8,0.8,0.8,20.0,PNN + PCA
1.0,1.0,1.0,20.0,PNN + PCA
0.9523809523809523,1.0,0.975609756097561,20.0,PNN + PCA
1.0,1.0,1.0,20.0,PNN + PCA
1.0,1.0,1.0,20.0,PNN + PCA
0.9,0.9,0.9,20.0,PNN + PCA
1.0,0.95,0.9743589743589743,20.0,PNN + PCA
1.0,1.0,1.0,20.0,PNN + PCA
1.0,0.95,0.9743589743589743,20.0,PNN + PCA
0.9523809523809523,1.0,0.975609756097561,20.0,PNN + PCA
1.0,1.0,1.0,20.0,PNN + PCA
0.95,0.95,0.95,20.0,PNN + PCA
0.8695652173913043,1.0,0.9302325581395349,20.0,PNN + PCA
1.0,1.0,1.0,20.0,PNN + PCA
1.0,1.0,1.0,20.0,PNN + PCA
0.9523809523809523,1.0,0.975609756097561,20.0,PNN + PCA
0.9523809523809523,1.0,0.975609756097561,20.0,PNN + PCA
0.8421052631578947,0.8,0.8205128205128205,20.0,PNN + PCA
0.9523809523809523,1.0,0.975609756097561,20.0,PNN + PCA
1.0,0.5,0.6666666666666666,20.0,PNN + PCA
0.6842105263157895,0.65,0.6666666666666666,20.0,PNN + PCA
0.9444444444444444,0.85,0.8947368421052632,20.0,PNN + PCA
1.0,0.95,0.9743589743589743,20.0,PNN + PCA
0.9523809523809523,1.0,0.975609756097561,20.0,PNN + PCA
1.0,1.0,1.0,20.0,PNN + PCA
0.95,0.95,0.95,20.0,PNN + PCA
1.0,0.95,0.9743589743589743,20.0,PNN + PCA
1.0,1.0,1.0,20.0,PNN + PCA
0.9,0.9,0.9,20.0,PNN + PCA
0.95,0.95,0.95,20.0,PNN + PCA
0.9458333333333333,0.9458333333333333,0.9458333333333333,0.9458333333333333,PNN + PCA
0.9475864837764152,0.9458333333333334,0.9444397441565844,1200.0,PNN + PCA
0.947586483776415,0.9458333333333333,0.9444397441565845,1200.0,PNN + PCA
