,precision,recall,f1-score,support,Model
0,1.0,1.0,1.0,20.0,ResNet-18
1,1.0,1.0,1.0,20.0,ResNet-18
2,0.8695652173913043,1.0,0.9302325581395349,20.0,ResNet-18
3,1.0,0.85,0.918918918918919,20.0,ResNet-18
4,1.0,1.0,1.0,20.0,ResNet-18
5,1.0,1.0,1.0,20.0,ResNet-18
6,1.0,1.0,1.0,20.0,ResNet-18
7,1.0,1.0,1.0,20.0,ResNet-18
8,1.0,0.95,0.9743589743589743,20.0,ResNet-18
9,1.0,1.0,1.0,20.0,ResNet-18
10,1.0,1.0,1.0,20.0,ResNet-18
11,1.0,1.0,1.0,20.0,ResNet-18
12,1.0,1.0,1.0,20.0,ResNet-18
13,1.0,1.0,1.0,20.0,ResNet-18
14,1.0,1.0,1.0,20.0,ResNet-18
15,1.0,1.0,1.0,20.0,ResNet-18
16,1.0,1.0,1.0,20.0,ResNet-18
17,1.0,1.0,1.0,20.0,ResNet-18
18,1.0,1.0,1.0,20.0,ResNet-18
19,1.0,1.0,1.0,20.0,ResNet-18
20,1.0,1.0,1.0,20.0,ResNet-18
21,1.0,1.0,1.0,20.0,ResNet-18
22,1.0,1.0,1.0,20.0,ResNet-18
23,0.9523809523809523,1.0,0.975609756097561,20.0,ResNet-18
24,1.0,1.0,1.0,20.0,ResNet-18
25,1.0,1.0,1.0,20.0,ResNet-18
26,1.0,1.0,1.0,20.0,ResNet-18
27,1.0,1.0,1.0,20.0,ResNet-18
28,1.0,1.0,1.0,20.0,ResNet-18
29,1.0,1.0,1.0,20.0,ResNet-18
30,1.0,1.0,1.0,20.0,ResNet-18
31,1.0,1.0,1.0,20.0,ResNet-18
32,1.0,1.0,1.0,20.0,ResNet-18
33,1.0,1.0,1.0,20.0,ResNet-18
34,1.0,1.0,1.0,20.0,ResNet-18
35,1.0,1.0,1.0,20.0,ResNet-18
36,1.0,1.0,1.0,20.0,ResNet-18
37,1.0,1.0,1.0,20.0,ResNet-18
38,1.0,1.0,1.0,20.0,ResNet-18
39,1.0,1.0,1.0,20.0,ResNet-18
40,1.0,1.0,1.0,20.0,ResNet-18
41,1.0,1.0,1.0,20.0,ResNet-18
42,1.0,1.0,1.0,20.0,ResNet-18
43,1.0,1.0,1.0,20.0,ResNet-18
44,1.0,1.0,1.0,20.0,ResNet-18
45,1.0,1.0,1.0,20.0,ResNet-18
46,1.0,1.0,1.0,20.0,ResNet-18
47,1.0,1.0,1.0,20.0,ResNet-18
48,1.0,1.0,1.0,20.0,ResNet-18
49,1.0,0.95,0.9743589743589743,20.0,ResNet-18
50,0.9523809523809523,1.0,0.975609756097561,20.0,ResNet-18
51,1.0,1.0,1.0,20.0,ResNet-18
52,1.0,1.0,1.0,20.0,ResNet-18
53,1.0,1.0,1.0,20.0,ResNet-18
54,1.0,1.0,1.0,20.0,ResNet-18
55,1.0,1.0,1.0,20.0,ResNet-18
56,1.0,1.0,1.0,20.0,ResNet-18
57,1.0,1.0,1.0,20.0,ResNet-18
58,1.0,1.0,1.0,20.0,ResNet-18
59,1.0,1.0,1.0,20.0,ResNet-18
accuracy,0.9958333333333333,0.9958333333333333,0.9958333333333333,0.9958333333333333,ResNet-18
macro avg,0.9962387853692202,0.9958333333333333,0.995818148966192,1200.0,ResNet-18
weighted avg,0.9962387853692201,0.9958333333333333,0.9958181489661923,1200.0,ResNet-18
